"Sum Sq","Mean Sq","NumDF","DenDF","F value","Pr(>F)"
231.827966079919,115.91398303996,2,32.4949040596995,0.496197645607403,0.613379457164301
