"Sum Sq","Mean Sq","NumDF","DenDF","F value","Pr(>F)"
231.827966712968,115.913983356484,2,32.494904089079,0.496197647798854,0.613379455855909
