"contrast","estimate","SE","df","t.ratio","p.value"
"717A - 733B",-5.62639608523125,5.92604702875218,32.1868492037914,-0.949434936633632,0.716399414287709
"717A - Sterile",-0.998897728299983,6.23871521737314,32.3606181471753,-0.160112730505525,0.873787543518052
"733B - Sterile",4.62749835693127,6.44134862612506,32.7643232600811,0.718405201383277,0.716399414287709
