"npar","logLik","AIC","LRT","Df","Pr(>Chisq)"
5,-151.044170982767,312.088341965535,NA,NA,NA
4,-153.272342404095,314.544684808189,4.45634284265435,1,0.0347718671833312
