"Sum Sq","Mean Sq","NumDF","DenDF","F value","Pr(>F)","trait","term"
134.946005479617,13.4946005479617,10,31.0004265907264,22.1874181572348,1.97756034269859e-11,"height4","treatment"
18028.303343613,1802.8303343613,10,31.1097865135147,22.9590570092472,1.18965251977175e-11,"leaf4","treatment"
11836.7491061412,1183.67491061412,10,31.3827009991932,198.205461940537,1.87136288186933e-25,"chloro4","treatment"
39.7635410224575,3.97635410224575,10,31.4158644509934,30.0336511568414,2.60611532191076e-13,"ratio","treatment"
448462.735143657,44846.2735143657,10,31.0608223043273,18.6624903297342,1.81081730288581e-10,"shoot_mass","treatment"
29880.1074844288,2988.01074844288,10,31.1174432022636,4.51510040194165,0.000561702937321603,"root_mass","treatment"
20036.3937508983,2003.63937508983,10,31.4833738971905,44.3518856612044,9.90043970898181e-16,"total_nod","treatment"
