"Sum Sq","Mean Sq","NumDF","DenDF","F value","Pr(>F)","trait","term"
134.946005481576,13.4946005481576,10,31.0004265888139,22.1874181575058,1.97756034432863e-11,"height4","treatment"
18028.3033435525,1802.83033435525,10,31.1097865121847,22.9590570091824,1.1896525206496e-11,"leaf4","treatment"
11836.7473871373,1183.67473871373,10,31.3826971606052,198.20543774887,1.87137702871005e-25,"chloro4","treatment"
39.7635410237213,3.97635410237213,10,31.4158644637131,30.0336511576434,2.60611530014011e-13,"ratio","treatment"
448462.735143967,44846.2735143967,10,31.0608223105897,18.662490329745,1.81081729774846e-10,"shoot_mass","treatment"
29880.1074854684,2988.01074854684,10,31.1174431936111,4.51510040207375,0.000561702937646785,"root_mass","treatment"
20036.393750933,2003.6393750933,10,31.4833738977612,44.3518856612691,9.90043970431844e-16,"total_nod","treatment"
